MSME_ID,Sector,Years_of_Operation,Ownership_Type,Category,Location_Type,Annual_Revenue,Revenue_Growth_Rate,Profit_Margin,Debt_Outstanding,Loan_to_Revenue_Ratio,Number_of_Employees,Capacity_Utilization,Export_Percentage,Technology_Level,GST_Compliance_Score,Inspection_Score,Documentation_Readiness_Score,Growth_Category
MSME_001,Tech,22,Private Ltd,Micro,Semi-Urban,1030499.55,40.0,25.69,462473.09,0.45,4,83.38,0.0,High,70.17,85.27,76.05,Moderate
MSME_002,Retail,2,Private Ltd,Micro,Urban,435754.53,35.38,14.0,232768.04,0.53,2,47.28,0.0,High,75.67,61.94,45.77,Low
MSME_003,Agro,22,Private Ltd,Medium,Rural,192366430.69,4.19,25.35,45681546.4,0.24,184,41.19,0.0,Medium,58.0,31.62,81.3,High
MSME_004,Manufacturing,1,Partnership,Medium,Rural,498243401.53,19.19,18.2,104334809.46,0.21,88,40.19,0.0,Medium,57.1,43.82,45.16,High
MSME_005,Tech,23,Partnership,Medium,Rural,288023311.67,31.77,11.18,162260237.49,0.56,392,88.96,0.0,Medium,46.42,55.32,48.43,High
MSME_006,Services,10,Private Ltd,Medium,Urban,204296129.51,18.54,9.98,110974044.62,0.54,402,68.35,0.0,Low,15.54,42.36,85.77,Low
MSME_007,Services,2,Sole,Micro,Semi-Urban,3221855.55,-2.73,16.02,1084296.54,0.34,5,75.09,0.0,Low,66.7,69.1,37.71,Moderate
MSME_008,Retail,18,Sole,Medium,Semi-Urban,298636293.54,0.74,11.48,142650608.6,0.48,271,92.29,0.0,Medium,93.94,21.01,90.64,Moderate
MSME_009,Retail,22,Sole,Medium,Semi-Urban,447860615.65,38.82,26.48,63615196.42,0.14,259,100.0,0.0,Medium,87.99,17.71,50.75,High
MSME_010,Agro,1,Sole,Small,Rural,392281315.59,31.1,30.38,62797736.86,0.16,37,100.0,0.0,Medium,46.49,87.22,77.74,Low
MSME_011,Agro,8,Sole,Small,Semi-Urban,156069479.33,0.03,23.44,26088860.8,0.17,25,51.89,0.0,Low,56.4,35.11,38.17,High
MSME_012,Tech,13,Private Ltd,Small,Rural,469922384.46,40.0,14.88,277315458.27,0.59,18,86.45,0.0,High,60.74,78.64,72.29,Low
MSME_013,Agro,20,Private Ltd,Small,Urban,450254842.79,6.46,25.1,250046820.38,0.56,23,23.37,0.0,Medium,83.17,74.2,72.31,Moderate
MSME_014,Retail,12,Partnership,Medium,Urban,464346885.3,4.13,29.83,83672225.9,0.18,370,79.65,0.0,Low,34.5,40.24,54.56,Low
MSME_015,Services,18,Sole,Small,Urban,334140069.94,20.48,31.7,60335647.28,0.18,35,79.48,0.0,Low,10.02,28.69,71.88,Low
MSME_016,Agro,26,Private Ltd,Medium,Rural,195012153.38,9.9,8.27,105444728.06,0.54,277,62.8,0.0,Low,20.18,8.48,90.76,Low
MSME_017,Tech,22,Private Ltd,Small,Rural,51226664.04,35.28,13.64,750738.68,0.01,26,53.57,0.0,High,90.98,7.28,69.51,Low
MSME_018,Agro,29,Private Ltd,Micro,Rural,3619894.99,12.25,9.3,12043.0,0.0,7,78.61,0.0,Low,56.2,10.66,89.56,High
MSME_019,Agro,8,Sole,Medium,Rural,259047448.06,1.21,29.84,124562955.31,0.48,336,57.12,0.0,Low,69.27,59.55,74.05,Moderate
MSME_020,Agro,20,Private Ltd,Small,Rural,416131739.01,10.07,6.41,112372986.46,0.27,46,93.95,0.0,Low,60.39,27.73,85.11,Moderate
MSME_021,Tech,16,Private Ltd,Small,Urban,222736933.67,15.55,17.42,10768572.23,0.05,29,99.22,0.0,High,49.17,21.4,60.98,Low
MSME_022,Agro,14,Partnership,Small,Rural,210808245.88,27.48,14.24,119662606.68,0.57,24,95.32,0.0,Low,62.84,57.57,38.17,High
MSME_023,Agro,1,Partnership,Small,Semi-Urban,427456735.53,14.22,25.98,230265304.61,0.54,37,91.1,0.0,Low,26.38,48.56,59.79,Low
MSME_024,Agro,11,Private Ltd,Small,Rural,363469781.93,31.38,34.34,197784741.55,0.54,40,78.42,0.0,Low,49.78,8.39,71.01,Low
MSME_025,Agro,5,Partnership,Micro,Urban,1374765.94,-0.48,12.11,312725.88,0.23,6,80.66,0.0,Low,59.92,25.23,77.62,Moderate
MSME_026,Manufacturing,16,Sole,Medium,Rural,73438523.71,5.09,3.33,1773898.91,0.02,230,99.13,0.0,Medium,90.35,62.13,52.84,Moderate
MSME_027,Retail,5,Partnership,Micro,Rural,2863450.95,10.93,9.71,1040966.4,0.36,4,54.98,0.0,Low,53.1,77.78,90.32,Low
MSME_028,Retail,10,Sole,Micro,Rural,4651547.13,25.48,33.58,1995554.76,0.43,10,64.47,0.0,Medium,81.44,62.72,39.56,Low
MSME_029,Manufacturing,23,Partnership,Medium,Rural,412487583.64,39.27,27.61,106020366.94,0.26,458,67.41,0.0,Medium,60.47,84.96,71.86,High
MSME_030,Agro,4,Partnership,Medium,Semi-Urban,451208756.66,21.83,15.81,261378121.12,0.58,286,89.62,0.0,Low,58.49,53.82,48.2,High
MSME_031,Agro,15,Partnership,Medium,Rural,170777992.12,6.05,32.78,46192236.26,0.27,487,45.34,0.0,Medium,74.19,66.82,82.53,Low
MSME_032,Services,1,Partnership,Micro,Semi-Urban,2488994.67,25.9,12.57,1047145.57,0.42,6,100.0,0.0,Low,10.61,94.81,47.08,Moderate
MSME_033,Manufacturing,8,Private Ltd,Small,Semi-Urban,279812224.73,21.08,22.96,133123385.94,0.48,26,69.81,0.0,Low,51.51,30.62,47.3,Moderate
MSME_034,Tech,12,Partnership,Medium,Rural,204690827.37,29.77,17.96,37657748.27,0.18,432,71.18,0.0,High,58.93,74.29,79.28,High
MSME_035,Retail,7,Sole,Small,Rural,141867315.35,40.0,23.84,8556821.45,0.06,48,62.64,0.0,High,53.65,17.94,45.15,Low
MSME_036,Manufacturing,23,Private Ltd,Small,Urban,27530271.99,29.9,29.71,14345383.78,0.52,14,45.05,60.0,High,68.16,44.05,75.94,Moderate
MSME_037,Retail,2,Partnership,Micro,Semi-Urban,4128366.66,12.13,20.62,375830.83,0.09,7,80.98,0.0,Low,66.95,8.52,79.67,Low
MSME_038,Retail,4,Private Ltd,Medium,Semi-Urban,318257080.43,0.16,18.77,84539456.51,0.27,367,56.12,0.0,Low,69.4,30.54,83.61,Moderate
MSME_039,Tech,2,Private Ltd,Micro,Rural,4743191.98,33.15,15.0,682635.95,0.14,4,43.07,17.83,High,81.36,46.99,55.51,Moderate
MSME_040,Manufacturing,8,Partnership,Small,Rural,352978841.26,-1.8,8.94,167576227.32,0.47,40,40.26,50.2,Medium,46.89,22.48,45.87,High
MSME_041,Retail,30,Partnership,Micro,Urban,392226.39,16.78,29.02,103348.54,0.26,5,100.0,0.0,Low,28.25,40.25,73.12,Low
MSME_042,Services,17,Private Ltd,Small,Semi-Urban,44818716.69,35.02,25.97,695538.77,0.02,13,85.81,0.0,Medium,80.46,86.05,52.24,Low
MSME_043,Tech,1,Private Ltd,Medium,Semi-Urban,68104252.92,-2.12,18.64,11366187.34,0.17,438,54.32,31.79,Low,68.14,47.0,79.35,Low
MSME_044,Agro,11,Partnership,Micro,Rural,4302892.16,23.52,22.85,1033861.72,0.24,6,84.77,0.0,High,42.2,8.81,81.13,High
MSME_045,Services,11,Sole,Medium,Semi-Urban,421217241.47,24.59,19.45,47407800.38,0.11,51,65.35,0.0,Medium,85.39,62.54,57.21,Low
MSME_046,Manufacturing,7,Partnership,Micro,Rural,4645596.53,34.64,17.48,1756097.58,0.38,8,39.63,45.49,Medium,40.82,40.8,52.15,Moderate
MSME_047,Retail,27,Sole,Micro,Semi-Urban,3273777.48,12.43,25.36,537079.36,0.16,3,66.92,0.0,Low,68.81,24.37,93.58,Low
MSME_048,Tech,5,Partnership,Medium,Urban,278708401.22,40.0,15.39,69388763.68,0.25,120,100.0,45.39,High,56.97,29.86,81.73,Moderate
MSME_049,Tech,19,Private Ltd,Micro,Semi-Urban,2288082.23,20.53,24.77,625119.56,0.27,8,73.74,0.0,High,81.85,57.18,50.82,Low
MSME_050,Retail,28,Partnership,Small,Urban,373629050.02,7.37,23.57,219877289.63,0.59,35,89.34,0.0,Low,12.22,50.23,73.72,High
MSME_051,Tech,11,Sole,Micro,Semi-Urban,2677160.33,5.69,10.9,1558037.91,0.58,8,92.52,0.0,High,55.9,62.33,82.39,High
MSME_052,Agro,21,Sole,Medium,Semi-Urban,436703982.88,37.94,22.31,127853166.18,0.29,245,100.0,0.0,Medium,77.05,23.48,72.96,Low
MSME_053,Services,8,Private Ltd,Small,Urban,489277175.47,24.97,29.6,13501398.75,0.03,17,100.0,0.0,High,57.6,37.48,81.77,High
MSME_054,Retail,8,Private Ltd,Medium,Semi-Urban,356810167.11,2.65,3.68,132671376.09,0.37,143,90.99,0.0,Medium,94.77,14.31,48.45,Low
MSME_055,Agro,21,Partnership,Small,Semi-Urban,335086155.05,30.55,24.04,88810520.86,0.27,40,47.91,0.0,Low,45.25,63.89,61.23,Moderate
MSME_056,Agro,23,Partnership,Small,Semi-Urban,103612414.56,40.0,9.63,22315575.03,0.22,35,70.51,0.0,High,81.96,2.19,59.25,Moderate
MSME_057,Agro,9,Sole,Medium,Rural,400240227.1,30.98,26.34,216834526.09,0.54,76,100.0,0.0,Low,23.81,80.19,81.04,Moderate
MSME_058,Retail,21,Sole,Small,Rural,340493407.02,18.27,31.72,63113766.12,0.19,19,80.84,0.0,Low,44.77,73.24,66.95,Moderate
MSME_059,Manufacturing,30,Partnership,Medium,Semi-Urban,236976392.04,-4.05,19.34,75479688.14,0.32,153,95.69,51.52,Low,59.48,48.18,60.42,Low
MSME_060,Services,24,Partnership,Small,Urban,481632179.97,28.94,8.67,194889445.73,0.4,20,88.58,0.0,Medium,90.74,55.73,65.84,Moderate
MSME_061,Manufacturing,26,Partnership,Small,Urban,270603292.59,11.59,26.47,61864052.8,0.23,40,46.77,38.57,Medium,68.29,61.95,83.49,Low
MSME_062,Tech,11,Private Ltd,Medium,Urban,78447668.52,25.89,29.84,5491773.13,0.07,472,84.88,0.0,High,99.76,11.61,37.73,Low
MSME_063,Retail,29,Private Ltd,Small,Urban,229553659.66,13.86,26.24,57142956.97,0.25,45,39.29,0.0,Medium,69.36,40.81,50.44,High
MSME_064,Services,2,Private Ltd,Micro,Semi-Urban,2272577.12,33.5,4.38,742404.4,0.33,4,91.6,0.0,Medium,61.52,39.81,89.67,Low
MSME_065,Retail,4,Partnership,Medium,Urban,145447616.94,16.87,1.73,21255909.39,0.15,378,91.38,0.0,Low,43.87,6.86,39.56,Low
MSME_066,Tech,7,Private Ltd,Micro,Urban,1709941.81,40.0,26.26,1009578.51,0.59,3,62.18,47.01,High,46.6,86.64,81.41,Low
MSME_067,Retail,1,Partnership,Medium,Urban,195697157.88,1.94,5.31,13344507.8,0.07,140,54.65,0.0,Low,36.9,36.2,34.31,Low
MSME_068,Tech,4,Partnership,Micro,Rural,4732536.65,37.73,35.0,856485.95,0.18,1,91.58,11.56,High,90.84,42.63,91.92,Moderate
MSME_069,Manufacturing,16,Private Ltd,Micro,Semi-Urban,4506407.15,17.37,3.23,1711740.89,0.38,6,50.69,26.26,Low,41.83,45.37,97.68,High
MSME_070,Tech,14,Sole,Micro,Rural,4278684.41,37.44,13.31,586591.14,0.14,9,74.84,0.0,High,64.96,9.51,64.21,Low
MSME_071,Agro,11,Private Ltd,Small,Semi-Urban,477028296.22,-1.98,29.28,27638380.05,0.06,41,26.47,0.0,Medium,88.71,55.64,79.83,High
MSME_072,Tech,18,Private Ltd,Medium,Semi-Urban,105004078.41,34.31,33.0,57700392.38,0.55,232,70.99,0.0,Medium,58.75,10.36,56.26,Moderate
MSME_073,Tech,7,Sole,Small,Rural,116001210.21,5.76,19.91,19388549.87,0.17,17,32.07,0.0,Low,43.66,76.74,59.25,Low
MSME_074,Tech,20,Private Ltd,Medium,Rural,61814224.15,40.0,15.09,26062067.67,0.42,387,54.43,0.0,High,40.37,86.99,60.39,Low
MSME_075,Tech,22,Partnership,Micro,Urban,3730748.39,9.13,24.04,1015462.98,0.27,1,54.66,0.0,High,59.46,94.14,59.7,Low
MSME_076,Tech,3,Sole,Micro,Urban,3796735.81,35.33,15.25,1106357.51,0.29,1,90.62,33.66,High,46.83,42.99,76.8,High
MSME_077,Services,22,Private Ltd,Small,Rural,265832383.04,-2.96,14.44,1226085.82,0.0,30,66.47,0.0,Medium,52.67,13.72,59.09,Moderate
MSME_078,Services,10,Partnership,Micro,Urban,2537188.11,-2.09,13.93,761555.81,0.3,7,75.25,0.0,Low,58.37,7.21,85.0,High
MSME_079,Manufacturing,14,Sole,Micro,Semi-Urban,4324339.07,14.32,14.75,751177.15,0.17,10,78.37,58.31,Medium,96.86,46.01,47.31,Low
MSME_080,Services,3,Partnership,Micro,Urban,2234814.98,13.58,14.46,455249.62,0.2,7,51.61,0.0,Low,20.09,51.05,51.48,Moderate
MSME_081,Manufacturing,17,Private Ltd,Small,Urban,178794368.8,15.63,10.98,64623327.8,0.36,20,43.6,52.78,High,86.37,49.41,49.13,Low
MSME_082,Tech,25,Private Ltd,Medium,Semi-Urban,465869416.27,33.93,35.0,271407992.78,0.58,340,62.82,0.0,High,68.14,63.14,68.89,Moderate
MSME_083,Services,19,Sole,Medium,Semi-Urban,83385795.28,15.34,2.93,3838965.33,0.05,287,94.21,0.0,Medium,91.32,61.5,91.36,Moderate
MSME_084,Tech,13,Partnership,Medium,Rural,479404164.53,35.31,16.29,187496154.21,0.39,429,100.0,0.0,Medium,49.05,6.19,65.04,Low
MSME_085,Manufacturing,26,Partnership,Micro,Rural,2572290.11,-3.24,25.06,808833.81,0.31,3,97.66,28.19,Medium,63.24,77.45,98.08,Moderate
MSME_086,Tech,2,Private Ltd,Small,Rural,37626367.87,30.11,19.14,19224807.22,0.51,17,55.21,40.14,High,44.89,66.36,40.02,Low
MSME_087,Services,10,Private Ltd,Medium,Rural,226381092.95,26.9,3.88,87404824.96,0.39,355,78.16,0.0,Medium,47.67,70.28,54.71,High
MSME_088,Tech,3,Private Ltd,Small,Rural,256701800.78,21.32,12.13,145960890.49,0.57,12,47.8,21.33,High,44.63,84.44,39.75,Low
MSME_089,Manufacturing,17,Private Ltd,Medium,Rural,66986371.56,40.0,27.01,6199699.67,0.09,223,87.78,0.0,High,77.48,90.27,80.07,Low
MSME_090,Agro,2,Partnership,Medium,Semi-Urban,373813553.21,17.48,26.58,52484083.25,0.14,278,91.44,0.0,Low,67.94,78.44,45.35,High
MSME_091,Retail,12,Private Ltd,Small,Rural,233531589.33,25.02,18.1,22707421.66,0.1,29,66.0,0.0,Low,46.28,87.3,47.98,Moderate
MSME_092,Manufacturing,21,Partnership,Medium,Semi-Urban,470432099.3,33.07,29.94,215396791.49,0.46,415,59.34,0.0,Medium,48.84,43.75,94.82,Low
MSME_093,Retail,27,Partnership,Micro,Semi-Urban,2132994.84,17.59,9.02,479812.08,0.22,7,100.0,0.0,Medium,95.85,83.92,45.19,Low
MSME_094,Services,26,Sole,Micro,Urban,1505709.05,26.32,5.72,405277.98,0.27,8,89.6,0.0,Medium,44.75,25.59,43.32,High
MSME_095,Retail,18,Private Ltd,Medium,Rural,240464641.53,7.96,11.24,60571919.33,0.25,448,27.8,0.0,Medium,67.43,11.09,86.63,High
MSME_096,Agro,20,Private Ltd,Medium,Urban,281919078.59,22.33,10.9,59679343.68,0.21,174,31.29,0.0,Low,21.24,66.82,74.24,Moderate
MSME_097,Tech,12,Sole,Medium,Rural,278297463.46,29.94,19.28,106143341.32,0.38,310,72.58,22.68,High,87.31,34.48,36.97,High
MSME_098,Manufacturing,25,Private Ltd,Small,Rural,71037746.98,19.57,28.66,33209120.65,0.47,33,43.79,44.77,Medium,88.69,6.31,80.4,Low
MSME_099,Agro,2,Partnership,Micro,Urban,3976435.14,4.2,11.54,1945445.64,0.49,1,53.96,0.0,Low,12.2,64.69,59.4,High
MSME_100,Services,12,Sole,Small,Rural,140242220.03,9.66,14.6,80483219.28,0.57,34,60.01,0.0,Low,21.21,69.21,56.34,Moderate
MSME_101,Services,30,Private Ltd,Micro,Semi-Urban,3662698.49,9.38,34.83,645586.69,0.18,2,39.13,0.0,Low,29.68,29.56,51.16,High
MSME_102,Agro,20,Private Ltd,Micro,Semi-Urban,3479847.56,15.12,25.71,1283753.66,0.37,6,100.0,0.0,Medium,78.37,79.15,66.1,Low
MSME_103,Manufacturing,3,Private Ltd,Small,Rural,184839009.67,37.88,5.85,86650158.44,0.47,21,87.55,0.0,Medium,86.71,36.63,35.53,Low
MSME_104,Agro,19,Sole,Micro,Rural,3427404.08,6.74,26.94,1088803.77,0.32,6,69.28,0.0,Low,48.97,24.96,63.38,Moderate
MSME_105,Manufacturing,1,Private Ltd,Small,Urban,261283910.73,10.3,32.35,33638279.93,0.13,46,81.47,54.7,High,52.01,13.57,90.42,High
MSME_106,Manufacturing,15,Sole,Small,Rural,498644889.99,20.05,25.12,86872601.13,0.17,31,74.02,0.0,Low,52.57,70.02,46.95,Moderate
MSME_107,Retail,26,Partnership,Micro,Rural,694676.03,30.64,9.05,150423.7,0.22,4,74.84,0.0,Medium,68.04,98.3,77.34,High
MSME_108,Retail,20,Sole,Small,Urban,202089190.48,18.66,27.15,8942533.12,0.04,41,95.2,0.0,Medium,78.54,45.0,98.34,High
MSME_109,Tech,12,Sole,Medium,Rural,314503695.68,40.0,20.71,10456527.67,0.03,444,100.0,0.0,High,49.88,32.27,45.18,High
MSME_110,Retail,12,Private Ltd,Micro,Semi-Urban,1327966.01,2.35,22.25,74441.85,0.06,9,70.33,0.0,Low,45.51,58.06,74.46,High
MSME_111,Retail,22,Private Ltd,Medium,Rural,201928813.97,-5.0,30.37,114923364.73,0.57,339,24.0,0.0,Low,25.88,21.08,87.26,High
MSME_112,Tech,14,Private Ltd,Micro,Rural,2540386.49,8.04,33.53,1226531.35,0.48,9,62.66,24.87,Medium,43.59,43.96,41.38,Moderate
MSME_113,Agro,15,Sole,Medium,Semi-Urban,114650911.02,37.33,30.96,67096519.41,0.59,492,100.0,0.0,High,62.23,56.17,45.35,Low
MSME_114,Services,8,Partnership,Small,Urban,227550025.94,9.36,15.87,84017492.03,0.37,20,55.41,0.0,High,91.92,15.97,48.9,Moderate
MSME_115,Services,30,Private Ltd,Small,Rural,98967880.11,17.42,18.5,18321358.46,0.19,21,68.61,0.0,Medium,96.71,50.54,46.39,Moderate
MSME_116,Retail,7,Private Ltd,Micro,Semi-Urban,347647.98,21.89,29.66,59603.91,0.17,8,84.75,0.0,Medium,46.45,13.39,33.99,Low
MSME_117,Services,24,Partnership,Small,Semi-Urban,27394985.28,30.66,12.62,1208640.72,0.04,14,79.59,0.0,High,85.86,27.97,72.26,Low
MSME_118,Tech,22,Private Ltd,Micro,Urban,4877905.8,11.79,34.55,1070036.07,0.22,7,70.52,0.0,Medium,64.08,4.03,77.15,Moderate
MSME_119,Manufacturing,5,Private Ltd,Small,Semi-Urban,262069691.61,32.28,23.53,96399944.05,0.37,20,62.38,0.0,High,84.36,29.92,91.94,Low
MSME_120,Services,17,Private Ltd,Small,Rural,355826204.19,16.37,1.57,23400111.02,0.07,30,54.68,0.0,Medium,58.46,89.88,63.49,Low
MSME_121,Manufacturing,20,Partnership,Medium,Semi-Urban,402306796.14,31.03,13.74,115972686.53,0.29,448,39.62,46.06,High,62.81,82.17,86.48,Moderate
MSME_122,Retail,2,Private Ltd,Micro,Rural,1034843.21,9.12,6.15,254805.77,0.25,8,79.8,0.0,Medium,95.23,87.28,77.5,High
MSME_123,Manufacturing,23,Sole,Micro,Rural,2848345.19,18.65,11.67,1558826.68,0.55,8,43.18,0.0,Medium,86.32,72.09,62.76,Moderate
MSME_124,Services,20,Partnership,Micro,Urban,1467131.34,0.12,34.08,254404.22,0.17,5,43.87,0.0,Low,52.3,31.7,52.44,High
MSME_125,Services,18,Private Ltd,Small,Semi-Urban,65327682.34,12.09,34.33,37417430.75,0.57,45,91.52,0.0,Medium,57.43,28.76,87.28,Low
MSME_126,Manufacturing,12,Partnership,Small,Rural,374932557.36,4.09,19.31,156610371.67,0.42,24,96.69,0.0,Medium,75.21,24.25,72.94,High
MSME_127,Tech,8,Private Ltd,Micro,Urban,590970.0,37.28,9.42,1837.25,0.0,6,100.0,60.0,High,96.1,87.84,58.41,High
MSME_128,Agro,21,Sole,Small,Semi-Urban,146280593.94,35.86,4.04,46969435.75,0.32,14,83.86,0.0,Medium,96.2,91.32,83.89,High
MSME_129,Retail,14,Sole,Small,Urban,395040511.79,32.15,33.71,207809441.86,0.53,22,100.0,0.0,Low,44.08,10.73,37.56,High
MSME_130,Services,10,Partnership,Medium,Rural,285943340.68,33.3,16.91,19326354.7,0.07,119,52.07,0.0,Medium,67.53,25.73,44.75,Moderate
MSME_131,Retail,1,Private Ltd,Small,Semi-Urban,286051705.1,2.9,30.11,141937109.77,0.5,23,93.21,0.0,Medium,45.2,66.93,61.42,Low
MSME_132,Retail,5,Partnership,Micro,Semi-Urban,133467.59,0.6,26.63,24179.99,0.18,7,96.62,0.0,Low,10.69,65.37,75.87,High
MSME_133,Retail,2,Private Ltd,Small,Urban,156869139.29,20.87,32.39,72458581.5,0.46,36,100.0,0.0,Low,48.32,94.06,72.42,Low
MSME_134,Services,20,Sole,Micro,Urban,2443091.31,28.65,21.6,805098.03,0.33,8,67.59,0.0,Medium,72.25,66.41,68.25,High
MSME_135,Retail,25,Sole,Medium,Rural,442910776.32,28.65,23.96,243754539.09,0.55,92,63.27,0.0,High,89.73,90.29,49.23,Low
MSME_136,Retail,19,Private Ltd,Micro,Urban,1707776.42,9.88,24.13,500885.33,0.29,9,82.29,0.0,Low,36.73,5.56,93.43,Low
MSME_137,Retail,17,Partnership,Medium,Semi-Urban,75981551.42,25.27,11.48,11600432.56,0.15,287,34.38,0.0,Medium,53.07,7.3,38.68,Low
MSME_138,Agro,12,Private Ltd,Medium,Urban,497355647.21,39.38,17.05,53708837.57,0.11,86,62.66,0.0,Medium,78.49,72.93,44.13,High
MSME_139,Agro,12,Partnership,Small,Semi-Urban,190944539.23,-4.02,30.25,113747202.11,0.6,45,27.48,0.0,Low,17.64,97.87,59.58,Moderate
MSME_140,Manufacturing,25,Sole,Small,Semi-Urban,338382429.6,24.09,18.9,93520500.53,0.28,45,50.42,0.0,High,92.51,76.55,53.81,High
MSME_141,Manufacturing,26,Private Ltd,Medium,Semi-Urban,394724060.38,15.83,8.29,105732618.23,0.27,59,75.43,53.61,High,42.65,43.9,57.68,Low
MSME_142,Tech,7,Sole,Medium,Urban,497067548.56,40.0,30.87,178323283.56,0.36,170,65.51,36.03,High,48.6,66.02,51.61,High
MSME_143,Retail,14,Partnership,Micro,Semi-Urban,2827918.78,34.59,31.99,724853.13,0.26,10,87.37,0.0,Medium,98.34,94.16,66.74,High
MSME_144,Agro,26,Private Ltd,Medium,Semi-Urban,237346085.04,3.49,7.25,34315713.77,0.14,127,64.78,0.0,Low,61.45,14.44,56.52,Moderate
MSME_145,Agro,30,Sole,Small,Rural,484054163.33,13.85,14.21,95919106.23,0.2,46,47.32,0.0,Low,36.99,37.11,49.74,High
MSME_146,Tech,24,Sole,Small,Urban,191698147.61,17.13,30.7,87609475.37,0.46,49,43.62,47.94,Low,62.17,33.3,70.76,Moderate
MSME_147,Manufacturing,7,Sole,Micro,Rural,3759708.21,36.15,24.65,894732.49,0.24,8,94.38,0.0,Medium,56.98,46.63,52.8,Low
MSME_148,Services,10,Partnership,Medium,Semi-Urban,447265378.56,-0.56,34.36,225349610.89,0.5,289,57.28,0.0,Medium,62.24,41.39,89.86,High
MSME_149,Tech,28,Sole,Micro,Rural,179477.51,37.06,20.69,16412.65,0.09,9,71.94,0.0,Medium,90.0,49.93,66.79,Low
MSME_150,Services,9,Partnership,Medium,Rural,382817340.8,2.57,28.03,165449106.23,0.43,286,34.83,0.0,Medium,95.01,54.21,63.8,Moderate
MSME_151,Manufacturing,17,Sole,Medium,Urban,71831477.39,23.56,34.65,30478220.72,0.42,54,50.29,0.0,High,62.39,61.78,68.84,Low
MSME_152,Tech,30,Partnership,Small,Rural,12787224.6,29.82,6.4,2107902.91,0.16,45,77.26,10.86,High,80.44,80.62,93.79,High
MSME_153,Retail,4,Sole,Micro,Rural,1280747.28,13.69,28.72,304994.41,0.24,10,48.23,0.0,Low,34.36,56.5,54.38,Low
MSME_154,Retail,10,Private Ltd,Medium,Urban,496253617.38,29.18,4.18,164568053.22,0.33,383,64.93,0.0,Medium,40.57,17.14,38.37,High
MSME_155,Agro,28,Partnership,Small,Rural,285099030.84,40.0,35.0,154171228.28,0.54,17,58.38,0.0,High,74.01,27.11,85.54,Low
MSME_156,Manufacturing,22,Partnership,Medium,Rural,346149158.22,31.79,11.69,121921231.96,0.35,142,100.0,45.64,Low,14.62,16.25,64.9,Moderate
MSME_157,Retail,19,Partnership,Medium,Rural,199278427.83,28.29,27.88,9377368.18,0.05,437,89.29,0.0,Medium,60.75,9.77,84.23,High
MSME_158,Retail,27,Sole,Medium,Semi-Urban,396052544.01,12.85,27.3,64951119.02,0.16,355,28.8,0.0,Medium,69.44,35.58,100.0,High
MSME_159,Agro,14,Sole,Medium,Rural,347302358.38,24.75,11.04,15317426.77,0.04,94,52.09,0.0,Low,32.8,78.39,53.08,Moderate
MSME_160,Retail,24,Partnership,Small,Semi-Urban,57742704.27,37.43,16.12,3541870.99,0.06,11,99.62,0.0,Medium,65.86,55.7,47.24,High
MSME_161,Tech,14,Sole,Micro,Urban,1834180.01,31.86,32.67,13580.95,0.01,2,100.0,58.96,High,73.57,99.27,80.49,Low
MSME_162,Retail,19,Private Ltd,Medium,Urban,221329410.57,7.1,10.13,22204749.27,0.1,122,35.22,0.0,Medium,57.99,78.27,56.06,Low
MSME_163,Services,9,Sole,Medium,Rural,273111096.53,3.8,4.64,155480529.74,0.57,366,46.27,0.0,Medium,77.21,80.41,54.43,Moderate
MSME_164,Services,15,Partnership,Medium,Semi-Urban,488401419.43,8.52,21.51,140369422.86,0.29,120,79.88,0.0,Medium,63.89,31.91,48.16,Low
MSME_165,Agro,19,Sole,Small,Semi-Urban,143748572.5,6.43,32.69,86013245.69,0.6,36,39.2,0.0,Low,56.06,2.69,50.3,High
MSME_166,Agro,23,Sole,Small,Semi-Urban,416484495.31,31.85,28.05,124771228.58,0.3,15,68.66,0.0,Medium,54.52,65.87,79.5,Low
MSME_167,Agro,26,Partnership,Small,Urban,495396804.15,16.2,19.17,258488260.73,0.52,41,100.0,0.0,Low,12.21,96.84,68.1,Moderate
MSME_168,Tech,20,Private Ltd,Micro,Urban,3867874.83,2.49,21.83,1496939.97,0.39,6,66.3,60.0,Medium,87.77,10.59,59.9,Moderate
MSME_169,Manufacturing,9,Sole,Medium,Rural,283458995.08,20.94,8.52,78755659.05,0.28,348,60.4,44.52,Low,69.86,48.28,43.54,Low
MSME_170,Services,14,Sole,Medium,Urban,113753829.57,10.44,27.67,23772295.55,0.21,210,66.91,0.0,Medium,83.32,45.24,42.86,Moderate
MSME_171,Manufacturing,10,Sole,Micro,Rural,210667.06,24.16,24.02,124365.25,0.59,6,45.23,0.0,Medium,49.61,55.98,45.47,High
MSME_172,Agro,8,Partnership,Micro,Rural,1013295.93,7.8,26.07,273331.52,0.27,7,94.55,0.0,Low,10.27,21.48,59.77,High
MSME_173,Services,25,Private Ltd,Medium,Urban,95788421.93,19.16,13.44,6549340.09,0.07,497,45.35,0.0,Medium,69.37,96.59,82.74,Low
MSME_174,Services,20,Partnership,Small,Rural,295567333.71,10.84,16.57,119454518.43,0.4,33,39.22,0.0,Medium,95.12,59.02,88.04,High
MSME_175,Retail,11,Sole,Small,Urban,62889707.47,26.2,18.37,5202260.44,0.08,34,66.56,0.0,Medium,51.15,63.55,58.52,Moderate
MSME_176,Retail,18,Sole,Small,Semi-Urban,74446784.87,27.89,22.06,42516943.75,0.57,31,100.0,0.0,Low,21.71,38.39,68.08,Moderate
MSME_177,Tech,17,Private Ltd,Small,Semi-Urban,343924851.93,36.96,21.09,116672612.63,0.34,37,51.86,21.03,High,53.49,28.87,40.46,Moderate
MSME_178,Agro,19,Private Ltd,Medium,Semi-Urban,279862691.1,-4.86,27.35,61602553.68,0.22,344,83.43,0.0,Low,12.5,71.9,88.86,Low
MSME_179,Tech,7,Partnership,Medium,Urban,423531822.44,16.14,35.0,66786366.66,0.16,435,30.65,24.35,High,47.04,81.19,85.42,High
MSME_180,Retail,26,Private Ltd,Medium,Rural,207783878.5,17.46,15.56,97847420.2,0.47,414,78.02,0.0,Low,58.33,57.01,91.81,Low
MSME_181,Tech,9,Private Ltd,Micro,Rural,1685902.72,18.02,15.09,996862.45,0.59,5,97.65,14.76,High,87.14,91.88,92.27,Moderate
MSME_182,Services,28,Private Ltd,Medium,Urban,439735457.75,-3.42,11.95,222564799.69,0.51,178,38.09,0.0,Low,18.53,63.24,67.56,Moderate
MSME_183,Agro,13,Partnership,Medium,Urban,407569383.8,9.19,23.53,228973159.83,0.56,444,46.85,0.0,High,97.02,32.73,58.64,Moderate
MSME_184,Manufacturing,28,Private Ltd,Medium,Urban,487467631.37,34.89,18.18,156308776.68,0.32,376,42.51,0.0,High,52.71,26.85,69.78,Moderate
MSME_185,Services,11,Private Ltd,Micro,Rural,2874096.34,30.47,31.4,79226.64,0.03,8,96.22,0.0,Medium,90.2,1.63,73.07,Moderate
MSME_186,Retail,15,Partnership,Small,Urban,105147512.17,34.7,11.26,55303072.41,0.53,19,100.0,0.0,Medium,61.63,8.24,43.1,Moderate
MSME_187,Retail,2,Partnership,Small,Rural,364364239.92,14.32,4.1,46657826.95,0.13,25,34.77,0.0,Medium,75.62,51.94,35.68,Low
MSME_188,Agro,1,Sole,Small,Rural,409468968.32,21.23,17.24,21946983.34,0.05,38,48.93,0.0,Low,16.19,36.76,78.86,High
MSME_189,Services,5,Partnership,Medium,Urban,496823069.86,-1.92,20.15,48922132.85,0.1,124,67.87,0.0,Medium,52.78,74.83,53.57,High
MSME_190,Agro,20,Private Ltd,Micro,Semi-Urban,524771.36,-3.7,5.19,110685.5,0.21,2,76.55,0.0,Low,57.46,24.78,65.76,High
MSME_191,Manufacturing,8,Private Ltd,Medium,Rural,374530837.49,25.05,24.48,147955868.8,0.4,196,100.0,0.0,Low,40.57,74.78,65.06,Moderate
MSME_192,Services,21,Sole,Small,Urban,196013359.51,27.48,26.19,114984998.0,0.59,26,76.0,0.0,High,96.04,13.2,99.71,Moderate
MSME_193,Tech,14,Partnership,Medium,Rural,127746640.47,40.0,32.19,5176235.31,0.04,292,41.34,0.0,High,43.63,78.93,39.39,Low
MSME_194,Tech,10,Private Ltd,Medium,Rural,395199500.3,36.58,8.8,146076893.14,0.37,267,81.22,0.0,High,70.68,20.32,53.59,Moderate
MSME_195,Retail,18,Partnership,Medium,Semi-Urban,335432411.31,19.24,22.87,88048199.0,0.26,478,54.43,0.0,Low,24.32,24.45,96.21,Moderate
MSME_196,Agro,4,Partnership,Medium,Rural,74762878.86,23.38,26.18,31754812.4,0.42,392,41.25,0.0,Low,19.83,95.3,74.09,Moderate
MSME_197,Tech,17,Private Ltd,Micro,Semi-Urban,1922160.21,37.98,10.01,386366.92,0.2,5,100.0,36.19,High,98.5,62.75,54.28,Low
MSME_198,Agro,15,Private Ltd,Micro,Semi-Urban,2548089.03,2.51,6.35,1367205.33,0.54,10,83.12,0.0,Medium,46.92,74.08,77.95,Low
MSME_199,Manufacturing,2,Sole,Micro,Urban,2411646.49,40.0,12.08,51170.66,0.02,7,100.0,55.7,High,53.47,24.83,70.34,Moderate
MSME_200,Services,9,Sole,Small,Rural,64103460.19,3.07,28.35,36695874.79,0.57,14,100.0,0.0,Medium,67.91,28.23,38.64,High
MSME_201,Services,11,Sole,Small,Rural,8944740.91,8.12,27.67,1301910.58,0.15,23,83.23,0.0,Medium,98.31,99.78,57.6,Low
MSME_202,Retail,24,Private Ltd,Micro,Urban,131251.63,-5.0,19.41,54610.72,0.42,7,68.38,0.0,Low,30.1,75.89,42.58,Low
MSME_203,Agro,28,Private Ltd,Small,Rural,56454764.58,34.24,15.27,32943361.62,0.58,44,100.0,0.0,Low,26.79,4.39,52.54,Moderate
MSME_204,Retail,29,Private Ltd,Medium,Semi-Urban,453010073.06,38.85,3.89,36289871.43,0.08,285,47.07,0.0,Medium,44.49,56.78,93.7,High
MSME_205,Agro,22,Sole,Small,Urban,134190514.77,36.67,14.36,26267919.58,0.2,31,100.0,0.0,Medium,54.02,94.36,68.17,High
MSME_206,Retail,25,Private Ltd,Micro,Urban,617722.98,10.97,14.82,357526.22,0.58,8,68.36,0.0,Low,28.5,26.5,54.96,Low
MSME_207,Manufacturing,3,Sole,Small,Rural,414061410.53,-5.0,29.42,22660646.16,0.05,49,43.72,0.0,Low,40.81,67.72,52.84,High
MSME_208,Services,27,Sole,Small,Urban,428027645.79,28.66,9.49,206454020.9,0.48,46,71.29,0.0,Medium,40.72,83.04,51.89,Moderate
MSME_209,Retail,5,Sole,Small,Semi-Urban,344711204.71,16.2,9.8,4508860.35,0.01,16,93.12,0.0,Low,64.15,44.34,36.37,Moderate
MSME_210,Retail,3,Partnership,Micro,Urban,4717175.24,-2.44,20.51,1117966.82,0.24,1,84.51,0.0,Low,50.99,17.28,33.27,High
MSME_211,Retail,30,Sole,Small,Semi-Urban,225775658.17,-3.44,22.05,39976537.44,0.18,20,37.94,0.0,Medium,73.04,6.1,69.72,Moderate
MSME_212,Services,13,Sole,Micro,Semi-Urban,3248997.38,6.21,34.8,38071.72,0.01,9,66.6,0.0,Medium,82.8,47.97,59.45,High
MSME_213,Agro,12,Private Ltd,Small,Rural,197248730.91,-3.83,21.3,95944469.13,0.49,22,20.43,0.0,Medium,88.52,47.17,52.86,Low
MSME_214,Services,25,Private Ltd,Micro,Urban,590658.25,6.99,28.75,19813.75,0.03,4,96.88,0.0,Medium,53.16,84.65,100.0,Low
MSME_215,Agro,12,Sole,Micro,Urban,3003345.59,36.13,1.96,1707507.81,0.57,6,94.11,0.0,Medium,73.79,18.82,69.82,Moderate
MSME_216,Agro,18,Partnership,Small,Urban,23792051.89,0.47,8.44,9757.07,0.0,14,62.35,0.0,Low,22.09,13.05,94.07,High
MSME_217,Retail,30,Partnership,Micro,Urban,823788.89,24.85,29.78,474778.58,0.58,3,100.0,0.0,Low,66.52,39.56,67.42,Low
MSME_218,Manufacturing,11,Partnership,Micro,Semi-Urban,4881717.29,30.63,33.66,510244.91,0.1,7,87.25,44.68,Medium,87.22,22.32,91.23,Moderate
MSME_219,Tech,27,Sole,Small,Semi-Urban,368327511.82,10.73,30.78,209658979.61,0.57,29,100.0,0.0,High,97.91,3.24,100.0,Low
MSME_220,Tech,11,Private Ltd,Medium,Urban,304497610.75,11.33,31.34,179479354.67,0.59,305,44.7,0.0,High,45.32,70.9,88.62,High
MSME_221,Services,15,Sole,Micro,Semi-Urban,1322750.23,10.77,27.76,38212.24,0.03,2,83.02,0.0,Medium,65.18,16.63,63.79,Moderate
MSME_222,Agro,16,Partnership,Medium,Semi-Urban,218906406.65,11.58,30.38,90254288.93,0.41,475,77.87,0.0,Low,14.42,84.58,47.76,Moderate
MSME_223,Services,1,Partnership,Micro,Semi-Urban,463581.97,29.96,6.47,261970.4,0.57,3,40.98,0.0,Low,30.28,98.53,89.18,High
MSME_224,Agro,23,Sole,Medium,Semi-Urban,124248737.64,-2.93,4.44,14163182.51,0.11,273,34.98,0.0,Low,53.32,73.0,83.33,Low
MSME_225,Services,22,Partnership,Micro,Semi-Urban,569988.01,20.73,29.56,123400.9,0.22,7,42.65,0.0,Medium,57.67,66.2,66.66,Moderate
MSME_226,Tech,16,Sole,Micro,Urban,1114069.62,40.0,22.1,524644.29,0.47,5,49.24,60.0,High,78.51,38.75,53.9,High
MSME_227,Services,29,Partnership,Micro,Semi-Urban,2284298.83,24.79,14.96,773344.69,0.34,5,99.36,0.0,High,81.79,9.67,53.57,Moderate
MSME_228,Services,26,Private Ltd,Medium,Semi-Urban,152380741.38,32.84,28.83,48961249.87,0.32,82,69.91,0.0,Medium,68.49,88.17,95.01,Low
MSME_229,Agro,10,Sole,Medium,Semi-Urban,65627822.1,35.52,28.22,24424304.16,0.37,343,91.96,0.0,Medium,85.43,17.29,42.22,Moderate
MSME_230,Retail,7,Sole,Micro,Urban,2174537.01,4.09,28.97,776371.89,0.36,7,33.88,0.0,Medium,83.63,80.73,52.68,High
MSME_231,Manufacturing,13,Private Ltd,Medium,Semi-Urban,196757062.42,18.39,32.18,82686618.92,0.42,192,30.18,49.08,Medium,48.98,56.66,43.25,Moderate
MSME_232,Tech,25,Sole,Medium,Urban,400795113.63,17.87,24.21,98809631.51,0.25,453,56.44,0.0,High,76.54,3.75,71.64,High
MSME_233,Services,13,Sole,Medium,Rural,356365788.45,-3.25,31.25,50799079.44,0.14,256,44.89,0.0,Medium,95.25,89.7,81.24,High
MSME_234,Manufacturing,11,Partnership,Small,Semi-Urban,422209051.46,38.76,8.75,188404111.98,0.45,17,63.42,26.04,Medium,76.3,8.93,79.23,High
MSME_235,Agro,7,Partnership,Small,Rural,380949181.14,26.95,18.52,71113252.57,0.19,34,46.19,0.0,Low,18.14,85.13,63.91,High
MSME_236,Tech,1,Sole,Micro,Urban,4201185.72,6.49,7.72,501898.28,0.12,4,52.08,0.0,High,63.82,92.31,58.35,High
MSME_237,Manufacturing,8,Partnership,Medium,Semi-Urban,250746544.67,11.36,19.75,126023273.11,0.5,496,53.22,0.0,Low,15.42,2.75,83.85,Low
MSME_238,Manufacturing,6,Private Ltd,Micro,Urban,3272161.47,2.11,14.92,1531967.75,0.47,4,22.66,20.44,Low,48.84,60.11,87.69,Moderate
MSME_239,Manufacturing,8,Partnership,Small,Rural,357806541.61,14.07,13.8,54100071.99,0.15,28,54.93,43.86,Medium,63.83,10.23,83.46,Moderate
MSME_240,Tech,22,Partnership,Medium,Rural,317197644.14,8.43,4.68,188103461.95,0.59,195,29.32,53.07,Medium,82.67,89.24,56.67,Low
MSME_241,Services,7,Sole,Micro,Rural,4508466.52,23.18,16.87,68858.54,0.02,10,42.78,0.0,High,57.74,90.69,63.34,High
MSME_242,Agro,13,Private Ltd,Medium,Urban,368631031.72,40.0,17.67,151798891.99,0.41,343,97.07,0.0,High,68.54,94.07,74.8,High
MSME_243,Services,17,Partnership,Medium,Urban,444422652.95,18.22,22.01,193373621.49,0.44,143,88.38,0.0,High,94.76,94.69,72.04,Low
MSME_244,Services,21,Sole,Small,Urban,115547323.07,13.92,31.15,40596675.78,0.35,30,56.69,0.0,Medium,47.07,5.37,68.33,High
MSME_245,Tech,19,Private Ltd,Small,Urban,445265900.43,-4.61,24.14,110365544.06,0.25,43,60.08,27.54,Low,30.56,98.72,99.04,Low
MSME_246,Agro,5,Partnership,Micro,Rural,3916811.77,19.97,35.0,136336.98,0.03,8,55.06,0.0,High,52.56,77.35,59.62,High
MSME_247,Tech,25,Sole,Micro,Semi-Urban,734089.19,33.51,19.72,168833.06,0.23,7,100.0,0.0,High,62.39,1.41,54.46,High
MSME_248,Services,25,Private Ltd,Micro,Urban,3416065.89,15.18,35.0,210514.84,0.06,4,52.56,0.0,High,58.37,6.53,72.7,Moderate
MSME_249,Manufacturing,10,Partnership,Medium,Semi-Urban,284129785.51,20.2,35.0,58428364.86,0.21,319,100.0,27.96,High,96.89,91.82,46.31,High
MSME_250,Agro,1,Sole,Medium,Urban,493195786.02,28.03,21.05,108480815.41,0.22,159,47.53,0.0,Medium,42.24,87.65,69.53,Moderate
MSME_251,Services,25,Private Ltd,Micro,Rural,3010227.93,24.79,23.22,1245782.37,0.41,1,33.97,0.0,Medium,62.82,54.73,67.51,High
MSME_252,Agro,23,Sole,Medium,Urban,358583012.85,3.55,23.5,58085531.81,0.16,55,74.77,0.0,Low,18.23,83.07,77.84,High
MSME_253,Manufacturing,17,Private Ltd,Micro,Rural,1485263.16,27.4,26.71,740996.74,0.5,2,95.94,27.9,High,49.62,54.81,63.09,Moderate
MSME_254,Retail,23,Partnership,Micro,Semi-Urban,113416.2,30.81,29.4,10149.24,0.09,2,88.93,0.0,Low,40.7,72.36,46.9,Low
MSME_255,Manufacturing,29,Partnership,Micro,Rural,2338081.05,1.89,2.7,1226286.73,0.52,5,86.0,28.01,Low,35.56,11.59,85.11,Moderate
MSME_256,Manufacturing,1,Sole,Medium,Rural,126730524.36,35.25,33.47,55741251.06,0.44,234,59.09,0.0,Medium,46.83,40.03,51.06,Moderate
MSME_257,Agro,9,Partnership,Small,Rural,400950052.99,10.09,29.67,226729313.27,0.57,21,29.74,0.0,High,64.96,59.08,44.06,Moderate
MSME_258,Tech,22,Partnership,Medium,Urban,220887850.6,32.51,35.0,96388208.64,0.44,234,100.0,44.15,High,93.26,44.07,70.29,High
MSME_259,Manufacturing,9,Private Ltd,Micro,Semi-Urban,3552384.06,29.54,20.61,2084316.35,0.59,9,79.97,26.92,Medium,82.03,9.52,65.89,Moderate
MSME_260,Retail,16,Partnership,Medium,Rural,338632003.76,27.76,19.98,11086699.76,0.03,127,100.0,0.0,Low,19.42,84.88,76.6,High
MSME_261,Agro,28,Sole,Small,Urban,163713738.69,38.66,2.71,63191929.66,0.39,32,57.15,0.0,Medium,54.1,45.91,68.2,Low
MSME_262,Tech,15,Sole,Small,Semi-Urban,161450456.07,38.54,6.6,3471049.1,0.02,42,71.55,51.3,High,97.79,63.75,85.01,High
MSME_263,Tech,18,Sole,Medium,Rural,255293565.45,11.35,2.85,69612425.59,0.27,225,43.51,40.99,Medium,79.43,71.59,67.39,Moderate
MSME_264,Manufacturing,4,Private Ltd,Micro,Urban,1772649.86,19.65,13.71,953909.46,0.54,5,38.33,60.0,Medium,64.55,25.43,76.55,Moderate
MSME_265,Retail,7,Sole,Micro,Semi-Urban,2339525.44,27.26,4.66,1300719.8,0.56,4,66.79,0.0,Medium,75.33,77.21,83.75,Moderate
MSME_266,Agro,15,Private Ltd,Medium,Rural,110586206.49,-4.8,26.03,28717714.82,0.26,306,61.86,0.0,Medium,95.46,78.11,72.61,High
MSME_267,Retail,23,Private Ltd,Medium,Urban,416859869.34,12.43,21.42,126085967.09,0.3,104,96.83,0.0,Medium,98.77,91.59,64.58,Moderate
MSME_268,Retail,9,Partnership,Small,Semi-Urban,229158624.51,1.22,21.49,70438038.62,0.31,19,91.52,0.0,Medium,72.87,31.39,85.08,Low
MSME_269,Tech,21,Sole,Micro,Urban,3158421.19,35.9,35.0,1346238.71,0.43,5,48.56,28.89,High,78.21,71.04,73.05,Low
MSME_270,Services,18,Partnership,Medium,Rural,474203142.9,13.79,26.43,81352768.12,0.17,414,94.21,0.0,Medium,88.5,52.27,89.84,Moderate
MSME_271,Manufacturing,13,Sole,Medium,Urban,75472148.43,38.76,11.47,11346226.53,0.15,187,62.31,54.53,High,85.22,3.23,54.21,Moderate
MSME_272,Agro,4,Private Ltd,Medium,Rural,302848242.52,28.41,20.08,142515629.34,0.47,165,53.21,0.0,Medium,57.26,66.45,79.93,High
MSME_273,Agro,13,Partnership,Small,Rural,483087440.72,-4.42,9.55,226353004.74,0.47,14,67.43,0.0,Medium,89.8,91.15,88.71,Low
MSME_274,Services,25,Private Ltd,Medium,Rural,321524139.78,37.62,12.58,189722390.32,0.59,448,74.72,0.0,High,97.75,73.51,46.97,Moderate
MSME_275,Manufacturing,13,Sole,Small,Semi-Urban,280516317.19,2.24,29.76,78488129.75,0.28,19,21.57,12.0,Medium,75.81,77.37,92.22,Low
MSME_276,Tech,27,Private Ltd,Small,Semi-Urban,396004550.3,21.11,32.66,52263575.4,0.13,46,55.98,0.0,High,70.31,41.59,47.59,High
MSME_277,Tech,13,Sole,Micro,Semi-Urban,4428644.02,19.9,15.98,1642886.81,0.37,6,100.0,38.07,High,78.96,11.47,81.63,High
MSME_278,Services,15,Sole,Medium,Rural,463373284.63,38.15,24.21,254651171.24,0.55,175,64.75,0.0,Medium,63.15,54.02,94.2,Moderate
MSME_279,Services,1,Private Ltd,Medium,Semi-Urban,411267531.88,16.91,11.08,79040542.24,0.19,279,80.58,0.0,Medium,45.76,97.16,35.44,Low
MSME_280,Tech,18,Sole,Micro,Rural,1132829.23,40.0,20.42,365510.22,0.32,4,48.31,58.81,High,78.79,93.98,85.51,Moderate
MSME_281,Retail,1,Partnership,Small,Rural,23753725.8,-2.56,28.0,8194498.01,0.34,15,63.37,0.0,Medium,55.52,38.8,44.16,Low
MSME_282,Agro,14,Partnership,Small,Urban,338282872.5,-5.0,25.49,151405474.51,0.45,45,22.56,0.0,Low,60.9,35.77,39.73,Low
MSME_283,Tech,4,Partnership,Small,Rural,305250091.39,39.44,20.88,121011483.88,0.4,29,71.33,36.67,High,63.46,79.75,40.18,Moderate
MSME_284,Tech,10,Private Ltd,Small,Urban,340258077.53,38.08,1.38,28862159.96,0.08,34,100.0,0.0,Medium,63.64,54.75,69.36,High
MSME_285,Manufacturing,10,Sole,Medium,Rural,456595869.19,4.53,31.79,39026650.81,0.09,227,90.38,0.0,Medium,55.16,11.46,72.01,Low
MSME_286,Tech,28,Sole,Small,Rural,324113884.36,3.08,3.29,141104131.59,0.44,15,29.4,26.54,Low,49.33,10.0,51.69,Moderate
MSME_287,Tech,3,Sole,Small,Semi-Urban,228069759.22,34.67,29.58,77570433.26,0.34,50,49.53,57.93,High,58.79,78.57,41.62,Moderate
MSME_288,Agro,9,Partnership,Medium,Urban,379837758.09,11.6,16.14,110982070.9,0.29,500,87.78,0.0,Low,48.73,8.2,41.03,High
MSME_289,Services,28,Sole,Micro,Rural,1389849.79,27.73,31.33,526719.57,0.38,2,100.0,0.0,Medium,74.73,76.92,92.76,High
MSME_290,Retail,30,Sole,Small,Rural,274017315.34,16.24,27.36,36713932.85,0.13,45,57.39,0.0,Medium,83.99,29.1,91.33,High
MSME_291,Agro,17,Private Ltd,Small,Urban,185113451.25,19.82,29.83,68199791.29,0.37,11,94.43,0.0,Low,40.85,44.62,48.45,Low
MSME_292,Retail,19,Private Ltd,Micro,Rural,3706007.06,32.26,2.37,515320.08,0.14,8,97.05,0.0,Low,24.04,66.86,55.36,High
MSME_293,Tech,30,Partnership,Small,Semi-Urban,459361462.3,6.8,28.05,266918794.82,0.58,13,31.66,23.67,High,74.72,57.02,89.51,Low
MSME_294,Agro,21,Partnership,Medium,Semi-Urban,344001445.95,-5.0,9.55,46006599.52,0.13,478,95.31,0.0,Low,59.03,34.5,64.85,High
MSME_295,Agro,29,Private Ltd,Medium,Urban,446915409.43,-2.55,3.62,56718151.92,0.13,276,70.2,0.0,Low,31.73,71.73,55.71,High
MSME_296,Manufacturing,22,Sole,Small,Semi-Urban,361526551.14,25.39,17.29,140400839.17,0.39,41,79.96,22.18,Medium,75.54,13.47,48.67,Moderate
MSME_297,Tech,2,Private Ltd,Micro,Urban,915072.69,28.25,19.79,350082.68,0.38,3,100.0,56.4,High,96.84,21.66,80.28,Moderate
MSME_298,Tech,16,Partnership,Micro,Urban,4168781.52,11.42,25.81,1558820.15,0.37,10,87.11,28.39,High,95.34,59.65,79.14,Moderate
MSME_299,Manufacturing,8,Partnership,Micro,Semi-Urban,631993.56,18.52,31.92,313410.99,0.5,4,84.01,18.87,Medium,75.99,87.78,88.1,High
MSME_300,Tech,17,Sole,Small,Urban,331399342.53,19.27,1.04,134924475.52,0.41,49,100.0,41.03,Medium,81.86,42.9,90.99,High
CUSTOM_0001,Agro,6,Proprietorship,Micro,Urban,78415452.86,9.33,9.94,34265654.59,0.437,40,60.06,24.55,3,80.66,82.0,83.68,Unknown
